date,day,state,fips,cases,deaths
2020-01-26,1,California,6,2,0
2020-01-27,2,California,6,2,0
2020-01-28,3,California,6,2,0
2020-01-29,4,California,6,2,0
2020-01-30,5,California,6,2,0
2020-01-31,6,California,6,3,0
2020-02-01,7,California,6,3,0
2020-02-02,8,California,6,6,0
2020-02-03,9,California,6,6,0
2020-02-04,10,California,6,6,0
2020-02-05,11,California,6,6,0
2020-02-06,12,California,6,6,0
2020-02-07,13,California,6,6,0
2020-02-08,14,California,6,6,0
2020-02-09,15,California,6,6,0
2020-02-10,16,California,6,7,0
2020-02-11,17,California,6,7,0
2020-02-12,18,California,6,7,0
2020-02-13,19,California,6,7,0
2020-02-14,20,California,6,7,0
2020-02-15,21,California,6,7,0
2020-02-16,22,California,6,7,0
2020-02-17,23,California,6,7,0
2020-02-18,24,California,6,7,0
2020-02-19,25,California,6,7,0
2020-02-20,26,California,6,8,0
2020-02-21,27,California,6,9,0
2020-02-22,28,California,6,9,0
2020-02-23,29,California,6,9,0
2020-02-24,30,California,6,11,0
2020-02-25,31,California,6,11,0
2020-02-26,32,California,6,26,0
2020-02-27,33,California,6,26,0
2020-02-28,34,California,6,27,0
2020-02-29,35,California,6,28,0
2020-03-01,36,California,6,33,0
2020-03-02,37,California,6,38,0
2020-03-03,38,California,6,45,0
2020-03-04,39,California,6,55,1
2020-03-05,40,California,6,67,1
2020-03-06,41,California,6,81,1
2020-03-07,42,California,6,100,1
2020-03-08,43,California,6,112,1
2020-03-09,44,California,6,172,2
2020-03-10,45,California,6,179,3
2020-03-11,46,California,6,202,4
2020-03-12,47,California,6,252,4
2020-03-13,48,California,6,320,5
2020-03-14,49,California,6,381,5
2020-03-15,50,California,6,478,6
2020-03-16,51,California,6,588,11
2020-03-17,52,California,6,732,14
2020-03-18,53,California,6,893,17
2020-03-19,54,California,6,1067,19
2020-03-20,55,California,6,1283,24
2020-03-21,56,California,6,1544,28
2020-03-22,57,California,6,1851,35
2020-03-23,58,California,6,2240,39
2020-03-24,59,California,6,2644,52
2020-03-25,60,California,6,3183,68
2020-03-26,61,California,6,4060,83
2020-03-27,62,California,6,4915,104
2020-03-28,63,California,6,5566,122
2020-03-29,64,California,6,6321,132
2020-03-30,65,California,6,7421,147
2020-03-31,66,California,6,8583,184
2020-04-01,67,California,6,9857,212
2020-04-02,68,California,6,11190,247
2020-04-03,69,California,6,12569,282
2020-04-04,70,California,6,13796,323
2020-04-05,71,California,6,15202,351
2020-04-06,72,California,6,16361,386
2020-04-07,73,California,6,17540,447
2020-04-08,74,California,6,19043,506
2020-04-09,75,California,6,20191,548
2020-04-10,76,California,6,21366,594
2020-04-11,77,California,6,22421,632
2020-04-12,78,California,6,23323,676
2020-04-13,79,California,6,24334,725
2020-04-14,80,California,6,25758,778
2020-04-15,81,California,6,27107,885
2020-04-16,82,California,6,28142,971
2020-04-17,83,California,6,29398,1050
2020-04-18,84,California,6,30829,1146
2020-04-19,85,California,6,31544,1176
2020-04-20,86,California,6,33862,1223
2020-04-21,87,California,6,35844,1316
2020-04-22,88,California,6,37573,1425
2020-04-23,89,California,6,39534,1548
2020-04-24,90,California,6,41368,1619
2020-04-25,91,California,6,42590,1692
2020-04-26,92,California,6,43691,1716
2020-04-27,93,California,6,45208,1800
2020-04-28,94,California,6,46570,1884
2020-04-29,95,California,6,48904,1961
2020-04-30,96,California,6,50470,2057
2020-05-01,97,California,6,52318,2147
2020-05-02,98,California,6,53753,2213
2020-05-03,99,California,6,55072,2235
2020-05-04,100,California,6,56333,2297
2020-05-05,101,California,6,58848,2386
2020-05-06,102,California,6,60787,2478
2020-05-07,103,California,6,62481,2561
2020-05-08,104,California,6,64616,2650
2020-05-09,105,California,6,66824,2732
2020-05-10,106,California,6,68051,2769
2020-05-11,107,California,6,69514,2820
2020-05-12,108,California,6,71150,2902
2020-05-13,109,California,6,73218,3014
2020-05-14,110,California,6,74947,3039
2020-05-15,111,California,6,77015,3192
2020-05-16,112,California,6,78933,3254
2020-05-17,113,California,6,80366,3290
2020-05-18,114,California,6,81943,3322
2020-05-19,115,California,6,83981,3422
2020-05-20,116,California,6,86125,3514
2020-05-21,117,California,6,88488,3624
2020-05-22,118,California,6,90801,3690
2020-05-23,119,California,6,92815,3768
2020-05-24,120,California,6,94743,3790
2020-05-25,121,California,6,97017,3808
2020-05-26,122,California,6,99924,3859
2020-05-27,123,California,6,101873,3961
2020-05-28,124,California,6,104071,4042
2020-05-29,125,California,6,107043,4144
2020-05-30,126,California,6,110100,4214
2020-05-31,127,California,6,113114,4242
2020-06-01,128,California,6,115643,4287
2020-06-02,129,California,6,118081,4360
2020-06-03,130,California,6,120407,4422
2020-06-04,131,California,6,122917,4484
2020-06-05,132,California,6,126510,4550
2020-06-06,133,California,6,129147,4626
2020-06-07,134,California,6,131997,4653
2020-06-08,135,California,6,134287,4679
2020-06-09,136,California,6,137245,4775
2020-06-10,137,California,6,140139,4869
2020-06-11,138,California,6,143709,4941
2020-06-12,139,California,6,147285,4986
2020-06-13,140,California,6,150434,5059
2020-06-14,141,California,6,152953,5089
2020-06-15,142,California,6,155662,5120
2020-06-16,143,California,6,159131,5202
2020-06-17,144,California,6,163381,5283
2020-06-18,145,California,6,167135,5359
2020-06-19,146,California,6,170843,5425
2020-06-20,147,California,6,174854,5495
2020-06-21,148,California,6,178807,5517
2020-06-22,149,California,6,184620,5561
2020-06-23,150,California,6,191039,5637
2020-06-24,151,California,6,195889,5728
2020-06-25,152,California,6,201413,5810
2020-06-26,153,California,6,207027,5872
2020-06-27,154,California,6,211453,5902
2020-06-28,155,California,6,216955,5937
2020-06-29,156,California,6,223995,5979
2020-06-30,157,California,6,232153,6083
2020-07-01,158,California,6,239764,6168
2020-07-02,159,California,6,248198,6263
2020-07-03,160,California,6,256298,6315
2020-07-04,161,California,6,265176,6329
2020-07-05,162,California,6,271587,6369
2020-07-06,163,California,6,277869,6452
2020-07-07,164,California,6,287766,6563
2020-07-08,165,California,6,296304,6708
2020-07-09,166,California,6,303516,6825
2020-07-10,167,California,6,311505,6936
2020-07-11,168,California,6,320030,7012
2020-07-12,169,California,6,327676,7042
2020-07-13,170,California,6,336206,7086
2020-07-14,171,California,6,346593,7227
2020-07-15,172,California,6,355497,7368
2020-07-16,173,California,6,364761,7490
2020-07-17,174,California,6,374922,7607
2020-07-18,175,California,6,383194,7697
2020-07-19,176,California,6,391460,7710
2020-07-20,177,California,6,400195,7764
2020-07-21,178,California,6,410366,7883
2020-07-22,179,California,6,422528,8038
2020-07-23,180,California,6,433175,8190
2020-07-24,181,California,6,443096,8325
2020-07-25,182,California,6,453327,8428
2020-07-26,183,California,6,459338,8451
2020-07-27,184,California,6,467103,8544
2020-07-28,185,California,6,474951,8716
2020-07-29,186,California,6,486039,8884
2020-07-30,187,California,6,494269,9009
2020-07-31,188,California,6,502273,9222
2020-08-01,189,California,6,509507,9365
2020-08-02,190,California,6,515937,9399
2020-08-03,191,California,6,522235,9500
2020-08-04,192,California,6,527258,9696
2020-08-05,193,California,6,532776,9866
2020-08-06,194,California,6,541013,10014
2020-08-07,195,California,6,548142,10197
2020-08-08,196,California,6,556158,10299
2020-08-09,197,California,6,563244,10365
2020-08-10,198,California,6,574267,10460
2020-08-11,199,California,6,586078,10654
2020-08-12,200,California,6,595097,10808
2020-08-13,201,California,6,603212,10995
2020-08-14,202,California,6,613243,11146
2020-08-15,203,California,6,621981,11229
2020-08-16,204,California,6,628508,11245
2020-08-17,205,California,6,634991,11334
2020-08-18,206,California,6,640499,11523
2020-08-19,207,California,6,646742,11686
2020-08-20,208,California,6,653401,11801
2020-08-21,209,California,6,659991,11984
2020-08-22,210,California,6,665325,12137
2020-08-23,211,California,6,669944,12152
2020-08-24,212,California,6,676236,12250
2020-08-25,213,California,6,682320,12409
2020-08-26,214,California,6,687612,12547
2020-08-27,215,California,6,692964,12696
2020-08-28,216,California,6,698391,12836
2020-08-29,217,California,6,702500,12906
2020-08-30,218,California,6,706589,12939
2020-08-31,219,California,6,712543,13020
2020-09-01,220,California,6,716630,13149
2020-09-02,221,California,6,722037,13330
2020-09-03,222,California,6,727403,13497
2020-09-04,223,California,6,732693,13644
2020-09-05,224,California,6,737074,13708
2020-09-06,225,California,6,740233,13730
2020-09-07,226,California,6,742689,13763
2020-09-08,227,California,6,746114,13843
2020-09-09,228,California,6,749197,13990
2020-09-10,229,California,6,753019,14094
2020-09-11,230,California,6,757126,14265
2020-09-12,231,California,6,760582,14333
2020-09-13,232,California,6,763390,14386
2020-09-14,233,California,6,767063,14458
2020-09-15,234,California,6,769918,14606
2020-09-16,235,California,6,773319,14716
2020-09-17,236,California,6,776945,14807
2020-09-18,237,California,6,781437,14912
2020-09-19,238,California,6,785077,15023
2020-09-20,239,California,6,788078,15018
2020-09-21,240,California,6,792220,15069
2020-09-22,241,California,6,795080,15209
2020-09-23,242,California,6,798351,15313
2020-09-24,243,California,6,801674,15389
2020-09-25,244,California,6,805736,15533
2020-09-26,245,California,6,809215,15588
2020-09-27,246,California,6,811699,15608
2020-09-28,247,California,6,814797,15641
2020-09-29,248,California,6,817940,15791
2020-09-30,249,California,6,821126,15898
2020-10-01,250,California,6,824307,15989
2020-10-02,251,California,6,828365,16074
2020-10-03,252,California,6,831495,16122
2020-10-04,253,California,6,834636,16150
2020-10-05,254,California,6,837722,16179
2020-10-06,255,California,6,840324,16251
2020-10-07,256,California,6,843734,16358
2020-10-08,257,California,6,847385,16425
2020-10-09,258,California,6,851229,16502
2020-10-10,259,California,6,854303,16568
2020-10-11,260,California,6,857077,16581
2020-10-12,261,California,6,859960,16594
2020-10-13,262,California,6,863614,16650
2020-10-14,263,California,6,867094,16752
2020-10-15,264,California,6,870380,16839
2020-10-16,265,California,6,874102,16901
2020-10-17,266,California,6,876258,16940
2020-10-18,267,California,6,878395,16979
2020-10-19,268,California,6,882666,16987
2020-10-20,269,California,6,887094,17067
2020-10-21,270,California,6,890154,17189
2020-10-22,271,California,6,896427,17266
2020-10-23,272,California,6,902328,17316
2020-10-24,273,California,6,906645,17345
2020-10-25,274,California,6,909345,17358
2020-10-26,275,California,6,913707,17398
2020-10-27,276,California,6,918635,17478
2020-10-28,277,California,6,922685,17541
2020-10-29,278,California,6,926910,17567
2020-10-30,279,California,6,931843,17627
2020-10-31,280,California,6,935262,17661
2020-11-01,281,California,6,938897,17671
2020-11-02,282,California,6,944148,17700
2020-11-03,283,California,6,949390,17751
2020-11-04,284,California,6,954629,17818
2020-11-05,285,California,6,960905,17866
2020-11-06,286,California,6,967618,17939
2020-11-07,287,California,6,972821,17964
2020-11-08,288,California,6,978861,17975
2020-11-09,289,California,6,985623,18035
2020-11-10,290,California,6,994366,18073
2020-11-11,291,California,6,999516,18109
2020-11-12,292,California,6,1009216,18141
2020-11-13,293,California,6,1019080,18218
2020-11-14,294,California,6,1027044,18254
2020-11-15,295,California,6,1036008,18265
2020-11-16,296,California,6,1047390,18304
2020-11-17,297,California,6,1058123,18360
2020-11-18,298,California,6,1069544,18467
2020-11-19,299,California,6,1082705,18555
2020-11-20,300,California,6,1096427,18649
2020-11-21,301,California,6,1109869,18709
2020-11-22,302,California,6,1118673,18726
2020-11-23,303,California,6,1136498,18768
2020-11-24,304,California,6,1153032,18875
2020-11-25,305,California,6,1167176,18982
2020-11-26,306,California,6,1176159,19025
2020-11-27,307,California,6,1193089,19100
2020-11-28,308,California,6,1206296,19132
2020-11-29,309,California,6,1219511,19151
2020-11-30,310,California,6,1237238,19209
2020-12-01,311,California,6,1253905,19327
2020-12-02,312,California,6,1272079,19440
2020-12-03,313,California,6,1293937,19586
2020-12-04,314,California,6,1318188,19791
2020-12-05,315,California,6,1343193,19876
2020-12-06,316,California,6,1371985,19937
2020-12-07,317,California,6,1399239,20052
2020-12-08,318,California,6,1425501,20238
2020-12-09,319,California,6,1457273,20466
2020-12-10,320,California,6,1491132,20636
2020-12-11,321,California,6,1528237,20854
2020-12-12,322,California,6,1554920,20958
2020-12-13,323,California,6,1590726,21043
2020-12-14,324,California,6,1620916,21196
2020-12-15,325,California,6,1655166,21483
2020-12-16,326,California,6,1716108,21881
2020-12-17,327,California,6,1761430,22155
2020-12-18,328,California,6,1809673,22496
2020-12-19,329,California,6,1847031,22651
2020-12-20,330,California,6,1889914,22736
2020-12-21,331,California,6,1933169,22980
2020-12-22,332,California,6,1968541,23254
2020-12-23,333,California,6,2013298,23633
2020-12-24,334,California,6,2048014,23944
2020-12-25,335,California,6,2064763,23964
2020-12-26,336,California,6,2129749,24221
2020-12-27,337,California,6,2167303,24283
2020-12-28,338,California,6,2209024,24529
2020-12-29,339,California,6,2243191,24954
2020-12-30,340,California,6,2275565,25391
2020-12-31,341,California,6,2307860,25965
2021-01-01,342,California,6,2345811,26236
2021-01-02,343,California,6,2398005,26542
2021-01-03,344,California,6,2433916,26635
2021-01-04,345,California,6,2474639,26995
2021-01-05,346,California,6,2511923,27486
2021-01-06,347,California,6,2548830,28040
2021-01-07,348,California,6,2589250,28554
2021-01-08,349,California,6,2640221,29228
2021-01-09,350,California,6,2687450,29699
2021-01-10,351,California,6,2729858,30000
2021-01-11,352,California,6,2770482,30381
2021-01-12,353,California,6,2816366,31105
2021-01-13,354,California,6,2858041,31653
2021-01-14,355,California,6,2898756,32246
2021-01-15,356,California,6,2937860,32947
2021-01-16,357,California,6,2975419,33393
2021-01-17,358,California,6,3006966,33593
2021-01-18,359,California,6,3032359,33742
2021-01-19,360,California,6,3071465,34390
2021-01-20,361,California,6,3090794,35001
2021-01-21,362,California,6,3116369,35704
2021-01-22,363,California,6,3141404,36326
2021-01-23,364,California,6,3164386,36818
2021-01-24,365,California,6,3186036,37118
2021-01-25,366,California,6,3212939,37499
2021-01-26,367,California,6,3234571,38222
2021-01-27,368,California,6,3253201,38927
2021-01-28,369,California,6,3272829,39527
2021-01-29,370,California,6,3292572,40192
2021-01-30,371,California,6,3310100,40694
2021-01-31,372,California,6,3324064,40928
2021-02-01,373,California,6,3341656,41284
2021-02-02,374,California,6,3354544,41858
2021-02-03,375,California,6,3367104,42434
2021-02-04,376,California,6,3381785,43062
2021-02-05,377,California,6,3395797,43631
2021-02-06,378,California,6,3407369,43987
2021-02-07,379,California,6,3417563,44152
2021-02-08,380,California,6,3431179,44440
2021-02-09,381,California,6,3441692,44973
2021-02-10,382,California,6,3450284,45436
2021-02-11,383,California,6,3460901,45976
2021-02-12,384,California,6,3470426,46435
2021-02-13,385,California,6,3479586,46865
2021-02-14,386,California,6,3485533,47055
2021-02-15,387,California,6,3490542,47115
2021-02-16,388,California,6,3499336,47446
2021-02-17,389,California,6,3505610,47902
2021-02-18,390,California,6,3513458,48334
2021-02-19,391,California,6,3521349,48794
2021-02-20,392,California,6,3527411,49111
2021-02-21,393,California,6,3532057,49340
2021-02-22,394,California,6,3537033,49531
2021-02-23,395,California,6,3543293,49869
2021-02-24,396,California,6,3549145,50953
2021-02-25,397,California,6,3554779,51385
2021-02-26,398,California,6,3561681,51794
2021-02-27,399,California,6,3566089,51979
2021-02-28,400,California,6,3569578,52213
2021-03-01,401,California,6,3573775,52487
2021-03-02,402,California,6,3578092,52774
2021-03-03,403,California,6,3582495,53066
2021-03-04,404,California,6,3587750,53457
2021-03-05,405,California,6,3592812,53838
2021-03-06,406,California,6,3597075,54124
2021-03-07,407,California,6,3599828,54217
2021-03-08,408,California,6,3604005,54377
2021-03-09,409,California,6,3608146,54620
2021-03-10,410,California,6,3611614,54877
2021-03-11,411,California,6,3615174,55132
2021-03-12,412,California,6,3617479,55336
2021-03-13,413,California,6,3621217,56373
2021-03-14,414,California,6,3623465,56523
2021-03-15,415,California,6,3626427,56630
2021-03-16,416,California,6,3628489,56743
2021-03-17,417,California,6,3631857,56976
2021-03-18,418,California,6,3635429,57213
2021-03-19,419,California,6,3638641,57417
2021-03-20,420,California,6,3640830,57495
2021-03-21,421,California,6,3642778,57586
2021-03-22,422,California,6,3645684,57770
2021-03-23,423,California,6,3648181,57936
2021-03-24,424,California,6,3650958,58187
2021-03-25,425,California,6,3653449,58413
2021-03-26,426,California,6,3656822,58630
2021-03-27,427,California,6,3658932,58801
2021-03-28,428,California,6,3661102,58927
2021-03-29,429,California,6,3664161,59015
2021-03-30,430,California,6,3666541,59116
2021-03-31,431,California,6,3669048,59260
2021-04-01,432,California,6,3671690,59396
2021-04-02,433,California,6,3675457,59601
2021-04-03,434,California,6,3678343,59675
2021-04-04,435,California,6,3679968,59726
2021-04-05,436,California,6,3683077,59788
2021-04-06,437,California,6,3685338,59874
2021-04-07,438,California,6,3687758,59976
2021-04-08,439,California,6,3690309,60115
2021-04-09,440,California,6,3693923,60272
2021-04-10,441,California,6,3696900,60361
2021-04-11,442,California,6,3700795,60446
2021-04-12,443,California,6,3704295,60484
2021-04-13,444,California,6,3706904,60535
2021-04-14,445,California,6,3709392,60710
2021-04-15,446,California,6,3711717,60797
2021-04-16,447,California,6,3714542,60911
2021-04-17,448,California,6,3716759,60977
2021-04-18,449,California,6,3718367,61022
2021-04-19,450,California,6,3720922,61034
2021-04-20,451,California,6,3723405,61111
2021-04-21,452,California,6,3725355,61199
2021-04-22,453,California,6,3727911,61290
2021-04-23,454,California,6,3730175,61390
2021-04-24,455,California,6,3730549,61428
2021-04-25,456,California,6,3731900,61463
2021-04-26,457,California,6,3734630,61485
2021-04-27,458,California,6,3736753,61504
2021-04-28,459,California,6,3738507,61571
2021-04-29,460,California,6,3739891,61650
2021-04-30,461,California,6,3742224,61756
2021-05-01,462,California,6,3743780,61853
2021-05-02,463,California,6,3745139,61924
2021-05-03,464,California,6,3747389,61961
2021-05-04,465,California,6,3749576,62016
2021-05-05,466,California,6,3751248,62065
2021-05-06,467,California,6,3753796,62169
2021-05-07,468,California,6,3755950,62211
2021-05-08,469,California,6,3757249,62270
2021-05-09,470,California,6,3758303,62310
2021-05-10,471,California,6,3760386,62332
2021-05-11,472,California,6,3761977,62363
2021-05-12,473,California,6,3763580,62468
2021-05-13,474,California,6,3765346,62573
2021-05-14,475,California,6,3766941,62626
2021-05-15,476,California,6,3768252,62647
2021-05-16,477,California,6,3769052,62681
2021-05-17,478,California,6,3770344,62701
2021-05-18,479,California,6,3771421,62723
2021-05-19,480,California,6,3773011,62760
2021-05-20,481,California,6,3774570,62811
2021-05-21,482,California,6,3775904,62857
2021-05-22,483,California,6,3776679,62903
2021-05-23,484,California,6,3777406,62928
2021-05-24,485,California,6,3778839,62947
2021-05-25,486,California,6,3780128,62979
2021-05-26,487,California,6,3781388,63014
2021-05-27,488,California,6,3786674,63163
2021-05-28,489,California,6,3788120,63215
2021-05-29,490,California,6,3788894,63236
2021-05-30,491,California,6,3789496,63247
2021-05-31,492,California,6,3789883,63249
2021-06-01,493,California,6,3791188,63260
2021-06-02,494,California,6,3792111,63284
2021-06-03,495,California,6,3793194,63340
2021-06-04,496,California,6,3794373,62965
2021-06-05,497,California,6,3795202,63000
2021-06-06,498,California,6,3795959,63120
2021-06-07,499,California,6,3797141,63132
2021-06-08,500,California,6,3798225,63155
2021-06-09,501,California,6,3799174,63167
2021-06-10,502,California,6,3800222,63206
2021-06-11,503,California,6,3801205,63251
2021-06-12,504,California,6,3801812,63143
2021-06-13,505,California,6,3802390,63145
2021-06-14,506,California,6,3803495,63150
2021-06-15,507,California,6,3804529,63205
2021-06-16,508,California,6,3805390,63224
2021-06-17,509,California,6,3806400,63254
2021-06-18,510,California,6,3807542,63290
2021-06-19,511,California,6,3808088,63309
2021-06-20,512,California,6,3808733,63337
2021-06-21,513,California,6,3810024,63353
2021-06-22,514,California,6,3811099,63370
2021-06-23,515,California,6,3811979,63425
2021-06-24,516,California,6,3812993,63490
2021-06-25,517,California,6,3814393,63543
2021-06-26,518,California,6,3815178,63555
2021-06-27,519,California,6,3816045,63586
2021-06-28,520,California,6,3817655,63597
2021-06-29,521,California,6,3818311,63610
2021-06-30,522,California,6,3816704,63662
2021-07-01,523,California,6,3866606,63709
2021-07-02,524,California,6,3868398,63649
2021-07-03,525,California,6,3868398,63648
2021-07-04,526,California,6,3868398,63648
2021-07-05,527,California,6,3868398,63648
2021-07-06,528,California,6,3874128,63710
2021-07-07,529,California,6,3875460,63748
2021-07-08,530,California,6,3903528,63805
2021-07-09,531,California,6,3905886,63870
2021-07-10,532,California,6,3906315,63874
2021-07-11,533,California,6,3907428,63877
2021-07-12,534,California,6,3914148,63954
2021-07-13,535,California,6,3918797,63972
2021-07-14,536,California,6,3921906,64002
2021-07-15,537,California,6,3925591,64041
2021-07-16,538,California,6,3930518,64083
2021-07-17,539,California,6,3932295,64085
2021-07-18,540,California,6,3933928,64086
2021-07-19,541,California,6,3945211,64127
2021-07-20,542,California,6,3951134,64132
2021-07-21,543,California,6,3957625,64146
2021-07-22,544,California,6,3966545,64174
2021-07-23,545,California,6,3975402,64219
2021-07-24,546,California,6,3977990,64220
2021-07-25,547,California,6,3980074,64225
2021-07-26,548,California,6,3996383,64265
2021-07-27,549,California,6,4004981,64296
2021-07-28,550,California,6,4012673,64325
2021-07-29,551,California,6,4022880,64372
2021-07-30,552,California,6,4034150,64415
2021-07-31,553,California,6,4037490,64417
2021-08-01,554,California,6,4040811,64417
2021-08-02,555,California,6,4066259,64538
2021-08-03,556,California,6,4073891,64533
2021-08-04,557,California,6,4084002,64626
2021-08-05,558,California,6,4096518,64680
2021-08-06,559,California,6,4111393,64719
2021-08-07,560,California,6,4115522,64732
2021-08-08,561,California,6,4134375,64777
2021-08-09,562,California,6,4147364,64787
2021-08-10,563,California,6,4157038,64838
2021-08-11,564,California,6,4168517,64481
2021-08-12,565,California,6,4179874,64533
2021-08-13,566,California,6,4194890,64596
2021-08-14,567,California,6,4208226,64630
2021-08-15,568,California,6,4219616,64661
2021-08-16,569,California,6,4232845,64684
2021-08-17,570,California,6,4243746,64727
2021-08-18,571,California,6,4259451,64816
2021-08-19,572,California,6,4277523,64908
2021-08-20,573,California,6,4303611,65020
2021-08-21,574,California,6,4316350,65082
2021-08-22,575,California,6,4328308,65127
2021-08-23,576,California,6,4341369,65160
2021-08-24,577,California,6,4352491,65228
2021-08-25,578,California,6,4365584,65368
2021-08-26,579,California,6,4381691,65483
2021-08-27,580,California,6,4396238,65605
2021-08-28,581,California,6,4410353,65676
2021-08-29,582,California,6,4422246,65746
2021-08-30,583,California,6,4437703,65793
2021-08-31,584,California,6,4449186,65863
2021-09-01,585,California,6,4471918,65987
2021-09-02,586,California,6,4486276,66153
2021-09-03,587,California,6,4498298,66297
2021-09-04,588,California,6,4508025,66388
2021-09-05,589,California,6,4518576,66481
2021-09-06,590,California,6,4525630,66496
2021-09-07,591,California,6,4536771,66569
2021-09-08,592,California,6,4545832,66722
2021-09-09,593,California,6,4556885,66898
2021-09-10,594,California,6,4566746,67062
2021-09-11,595,California,6,4575900,67149
2021-09-12,596,California,6,4583292,67199
2021-09-13,597,California,6,4599348,67312
2021-09-14,598,California,6,4608094,67422
2021-09-15,599,California,6,4616854,67647
2021-09-16,600,California,6,4629146,67825
2021-09-17,601,California,6,4639199,67948
2021-09-18,602,California,6,4647462,68034
2021-09-19,603,California,6,4654530,68106
2021-09-20,604,California,6,4663226,68158
2021-09-21,605,California,6,4669895,68244
2021-09-22,606,California,6,4677452,68402
2021-09-23,607,California,6,4687178,68532
2021-09-24,608,California,6,4694673,68710
2021-09-25,609,California,6,4696228,68740
2021-09-26,610,California,6,4697407,68756
2021-09-27,611,California,6,4717357,68917
2021-09-28,612,California,6,4722662,68985
2021-09-29,613,California,6,4729805,69133
2021-09-30,614,California,6,4739046,69278
2021-10-01,615,California,6,4747079,69387
2021-10-02,616,California,6,4748442,69405
2021-10-03,617,California,6,4749498,69420
2021-10-04,618,California,6,4764829,69574
2021-10-05,619,California,6,4769383,69652
2021-10-06,620,California,6,4775779,69819
2021-10-07,621,California,6,4782944,69985
2021-10-08,622,California,6,4789773,70132
2021-10-09,623,California,6,4790968,70156
2021-10-10,624,California,6,4792007,70160
2021-10-11,625,California,6,4805395,70295
2021-10-12,626,California,6,4810715,70343
2021-10-13,627,California,6,4815429,70459
2021-10-14,628,California,6,4821901,70607
2021-10-15,629,California,6,4828318,70766
2021-10-16,630,California,6,4829415,70778
2021-10-17,631,California,6,4830310,70784
2021-10-18,632,California,6,4845060,70981
2021-10-19,633,California,6,4849225,71046
2021-10-20,634,California,6,4853378,71192
2021-10-21,635,California,6,4860797,71369
2021-10-22,636,California,6,4867059,71504
2021-10-23,637,California,6,4868220,71519
2021-10-24,638,California,6,4869133,71528
2021-10-25,639,California,6,4872707,71639
2021-10-26,640,California,6,4890036,71800
2021-10-27,641,California,6,4895127,71935
2021-10-28,642,California,6,4908206,72026
2021-10-29,643,California,6,4915206,72140
2021-10-30,644,California,6,4916614,72144
2021-10-31,645,California,6,4917683,72140
2021-11-01,646,California,6,4933895,72289
2021-11-02,647,California,6,4938058,72365
2021-11-03,648,California,6,4943059,72471
2021-11-04,649,California,6,4951490,72560
2021-11-05,650,California,6,4959010,72650
2021-11-06,651,California,6,4960633,72671
2021-11-07,652,California,6,4961782,72698
2021-11-08,653,California,6,4978363,72811
2021-11-09,654,California,6,4982702,72922
2021-11-10,655,California,6,4987439,73075
2021-11-11,656,California,6,4993930,73132
2021-11-12,657,California,6,4996986,73201
2021-11-13,658,California,6,5006025,73279
2021-11-14,659,California,6,5006960,73286
2021-11-15,660,California,6,5014583,73411
2021-11-16,661,California,6,5019484,73487
2021-11-17,662,California,6,5024415,73614
2021-11-18,663,California,6,5031042,73781
2021-11-19,664,California,6,5037132,73901
2021-11-20,665,California,6,5038985,73927
2021-11-21,666,California,6,5040034,73938
2021-11-22,667,California,6,5051418,74042
2021-11-23,668,California,6,5055959,74157
2021-11-24,669,California,6,5060127,74308
2021-11-25,670,California,6,5060129,74314
2021-11-26,671,California,6,5062119,74355
2021-11-27,672,California,6,5062737,74374
2021-11-28,673,California,6,5063311,74385
2021-11-29,674,California,6,5080522,74553
2021-11-30,675,California,6,5085477,74670
2021-12-01,676,California,6,5090300,74781
2021-12-02,677,California,6,5099788,74884
2021-12-03,678,California,6,5107543,74987
2021-12-04,679,California,6,5109833,75006
2021-12-05,680,California,6,5111469,75008
2021-12-06,681,California,6,5128950,75102
2021-12-07,682,California,6,5135147,75169
2021-12-08,683,California,6,5141243,75279
2021-12-09,684,California,6,5148904,75374
2021-12-10,685,California,6,5155484,75445
2021-12-11,686,California,6,5157293,75468
2021-12-12,687,California,6,5158764,75477
2021-12-13,688,California,6,5173616,75571
2021-12-14,689,California,6,5179298,75637
2021-12-15,690,California,6,5184663,75718
2021-12-16,691,California,6,5192915,75792
2021-12-17,692,California,6,5201644,75898
2021-12-18,693,California,6,5205345,75917
2021-12-19,694,California,6,5208847,75927
2021-12-20,695,California,6,5227931,76014
2021-12-21,696,California,6,5238811,76078
2021-12-22,697,California,6,5251204,76151
2021-12-23,698,California,6,5271267,76249
2021-12-24,699,California,6,5291605,76317
2021-12-25,700,California,6,5291605,76319
2021-12-26,701,California,6,5312399,76332
2021-12-27,702,California,6,5329067,76368
2021-12-28,703,California,6,5378451,76453
2021-12-29,704,California,6,5408613,76548
2021-12-30,705,California,6,5457967,76644
2021-12-31,706,California,6,5515613,76709
2022-01-01,707,California,6,5515613,76709
2022-01-02,708,California,6,5560323,76712
2022-01-03,709,California,6,5606685,76745
2022-01-04,710,California,6,5748437,76821
2022-01-05,711,California,6,5807748,76967
2022-01-06,712,California,6,5892644,77042
2022-01-07,713,California,6,6003256,77231
2022-01-08,714,California,6,6037652,77248
2022-01-09,715,California,6,6083283,77260
2022-01-10,716,California,6,6311255,77412
2022-01-11,717,California,6,6447667,77447
2022-01-12,718,California,6,6556829,77595
2022-01-13,719,California,6,6716565,77839
2022-01-14,720,California,6,6832478,77940
2022-01-15,721,California,6,6874405,77966
2022-01-16,722,California,6,6919509,78017
2022-01-17,723,California,6,7140744,78142
2022-01-18,724,California,6,7215028,78224
2022-01-19,725,California,6,7324358,78325
2022-01-20,726,California,6,7487212,78529
2022-01-21,727,California,6,7621774,78700
