date,day,county,state,fips,cases,deaths
2020-01-26,1,Los Angeles,California,6037.0,1,0.0
2020-01-27,2,Los Angeles,California,6037.0,1,0.0
2020-01-28,3,Los Angeles,California,6037.0,1,0.0
2020-01-29,4,Los Angeles,California,6037.0,1,0.0
2020-01-30,5,Los Angeles,California,6037.0,1,0.0
2020-01-31,6,Los Angeles,California,6037.0,1,0.0
2020-02-01,7,Los Angeles,California,6037.0,1,0.0
2020-02-02,8,Los Angeles,California,6037.0,1,0.0
2020-02-03,9,Los Angeles,California,6037.0,1,0.0
2020-02-04,10,Los Angeles,California,6037.0,1,0.0
2020-02-05,11,Los Angeles,California,6037.0,1,0.0
2020-02-06,12,Los Angeles,California,6037.0,1,0.0
2020-02-07,13,Los Angeles,California,6037.0,1,0.0
2020-02-08,14,Los Angeles,California,6037.0,1,0.0
2020-02-09,15,Los Angeles,California,6037.0,1,0.0
2020-02-10,16,Los Angeles,California,6037.0,1,0.0
2020-02-11,17,Los Angeles,California,6037.0,1,0.0
2020-02-12,18,Los Angeles,California,6037.0,1,0.0
2020-02-13,19,Los Angeles,California,6037.0,1,0.0
2020-02-14,20,Los Angeles,California,6037.0,1,0.0
2020-02-15,21,Los Angeles,California,6037.0,1,0.0
2020-02-16,22,Los Angeles,California,6037.0,1,0.0
2020-02-17,23,Los Angeles,California,6037.0,1,0.0
2020-02-18,24,Los Angeles,California,6037.0,1,0.0
2020-02-19,25,Los Angeles,California,6037.0,1,0.0
2020-02-20,26,Los Angeles,California,6037.0,1,0.0
2020-02-21,27,Los Angeles,California,6037.0,1,0.0
2020-02-22,28,Los Angeles,California,6037.0,1,0.0
2020-02-23,29,Los Angeles,California,6037.0,1,0.0
2020-02-24,30,Los Angeles,California,6037.0,1,0.0
2020-02-25,31,Los Angeles,California,6037.0,1,0.0
2020-02-26,32,Los Angeles,California,6037.0,1,0.0
2020-02-27,33,Los Angeles,California,6037.0,1,0.0
2020-02-28,34,Los Angeles,California,6037.0,1,0.0
2020-02-29,35,Los Angeles,California,6037.0,1,0.0
2020-03-01,36,Los Angeles,California,6037.0,1,0.0
2020-03-02,37,Los Angeles,California,6037.0,1,0.0
2020-03-03,38,Los Angeles,California,6037.0,1,0.0
2020-03-04,39,Los Angeles,California,6037.0,7,0.0
2020-03-05,40,Los Angeles,California,6037.0,11,0.0
2020-03-06,41,Los Angeles,California,6037.0,13,0.0
2020-03-07,42,Los Angeles,California,6037.0,14,0.0
2020-03-08,43,Los Angeles,California,6037.0,14,0.0
2020-03-09,44,Los Angeles,California,6037.0,19,0.0
2020-03-10,45,Los Angeles,California,6037.0,20,0.0
2020-03-11,46,Los Angeles,California,6037.0,28,1.0
2020-03-12,47,Los Angeles,California,6037.0,32,1.0
2020-03-13,48,Los Angeles,California,6037.0,40,1.0
2020-03-14,49,Los Angeles,California,6037.0,53,1.0
2020-03-15,50,Los Angeles,California,6037.0,69,1.0
2020-03-16,51,Los Angeles,California,6037.0,94,1.0
2020-03-17,52,Los Angeles,California,6037.0,144,1.0
2020-03-18,53,Los Angeles,California,6037.0,190,1.0
2020-03-19,54,Los Angeles,California,6037.0,231,2.0
2020-03-20,55,Los Angeles,California,6037.0,292,2.0
2020-03-21,56,Los Angeles,California,6037.0,351,4.0
2020-03-22,57,Los Angeles,California,6037.0,421,5.0
2020-03-23,58,Los Angeles,California,6037.0,536,7.0
2020-03-24,59,Los Angeles,California,6037.0,662,11.0
2020-03-25,60,Los Angeles,California,6037.0,799,13.0
2020-03-26,61,Los Angeles,California,6037.0,1216,21.0
2020-03-27,62,Los Angeles,California,6037.0,1465,27.0
2020-03-28,63,Los Angeles,California,6037.0,1804,33.0
2020-03-29,64,Los Angeles,California,6037.0,2136,37.0
2020-03-30,65,Los Angeles,California,6037.0,2474,44.0
2020-03-31,66,Los Angeles,California,6037.0,3011,54.0
2020-04-01,67,Los Angeles,California,6037.0,3518,65.0
2020-04-02,68,Los Angeles,California,6037.0,4045,78.0
2020-04-03,69,Los Angeles,California,6037.0,4566,89.0
2020-04-04,70,Los Angeles,California,6037.0,5277,117.0
2020-04-05,71,Los Angeles,California,6037.0,5940,132.0
2020-04-06,72,Los Angeles,California,6037.0,6360,147.0
2020-04-07,73,Los Angeles,California,6037.0,6910,169.0
2020-04-08,74,Los Angeles,California,6037.0,7530,198.0
2020-04-09,75,Los Angeles,California,6037.0,7955,223.0
2020-04-10,76,Los Angeles,California,6037.0,8430,241.0
2020-04-11,77,Los Angeles,California,6037.0,8873,265.0
2020-04-12,78,Los Angeles,California,6037.0,9192,296.0
2020-04-13,79,Los Angeles,California,6037.0,9420,320.0
2020-04-14,80,Los Angeles,California,6037.0,10047,360.0
2020-04-15,81,Los Angeles,California,6037.0,10496,402.0
2020-04-16,82,Los Angeles,California,6037.0,10854,455.0
2020-04-17,83,Los Angeles,California,6037.0,11391,495.0
2020-04-18,84,Los Angeles,California,6037.0,12021,576.0
2020-04-19,85,Los Angeles,California,6037.0,12341,600.0
2020-04-20,86,Los Angeles,California,6037.0,13816,617.0
2020-04-21,87,Los Angeles,California,6037.0,15140,663.0
2020-04-22,88,Los Angeles,California,6037.0,16435,729.0
2020-04-23,89,Los Angeles,California,6037.0,17508,797.0
2020-04-24,90,Los Angeles,California,6037.0,18545,850.0
2020-04-25,91,Los Angeles,California,6037.0,19107,895.0
2020-04-26,92,Los Angeles,California,6037.0,19528,913.0
2020-04-27,93,Los Angeles,California,6037.0,20417,942.0
2020-04-28,94,Los Angeles,California,6037.0,20976,1000.0
2020-04-29,95,Los Angeles,California,6037.0,22485,1056.0
2020-04-30,96,Los Angeles,California,6037.0,23182,1111.0
2020-05-01,97,Los Angeles,California,6037.0,24215,1172.0
2020-05-02,98,Los Angeles,California,6037.0,24894,1209.0
2020-05-03,99,Los Angeles,California,6037.0,25662,1229.0
2020-05-04,100,Los Angeles,California,6037.0,26217,1256.0
2020-05-05,101,Los Angeles,California,6037.0,27815,1313.0
2020-05-06,102,Los Angeles,California,6037.0,28644,1367.0
2020-05-07,103,Los Angeles,California,6037.0,29427,1418.0
2020-05-08,104,Los Angeles,California,6037.0,30296,1468.0
2020-05-09,105,Los Angeles,California,6037.0,31197,1512.0
2020-05-10,106,Los Angeles,California,6037.0,31677,1530.0
2020-05-11,107,Los Angeles,California,6037.0,32258,1569.0
2020-05-12,108,Los Angeles,California,6037.0,33180,1613.0
2020-05-13,109,Los Angeles,California,6037.0,34428,1659.0
2020-05-14,110,Los Angeles,California,6037.0,35329,1659.0
2020-05-15,111,Los Angeles,California,6037.0,36259,1755.0
2020-05-16,112,Los Angeles,California,6037.0,37303,1793.0
2020-05-17,113,Los Angeles,California,6037.0,37974,1821.0
2020-05-18,114,Los Angeles,California,6037.0,38451,1839.0
2020-05-19,115,Los Angeles,California,6037.0,39573,1913.0
2020-05-20,116,Los Angeles,California,6037.0,40857,1970.0
2020-05-21,117,Los Angeles,California,6037.0,42037,2016.0
2020-05-22,118,Los Angeles,California,6037.0,43052,2049.0
2020-05-23,119,Los Angeles,California,6037.0,44055,2090.0
2020-05-24,120,Los Angeles,California,6037.0,44988,2104.0
2020-05-25,121,Los Angeles,California,6037.0,46018,2116.0
2020-05-26,122,Los Angeles,California,6037.0,47822,2143.0
2020-05-27,123,Los Angeles,California,6037.0,48700,2195.0
2020-05-28,124,Los Angeles,California,6037.0,49774,2241.0
2020-05-29,125,Los Angeles,California,6037.0,51562,2290.0
2020-05-30,126,Los Angeles,California,6037.0,53651,2338.0
2020-05-31,127,Los Angeles,California,6037.0,54996,2362.0
2020-06-01,128,Los Angeles,California,6037.0,55968,2384.0
2020-06-02,129,Los Angeles,California,6037.0,57118,2443.0
2020-06-03,130,Los Angeles,California,6037.0,58234,2489.0
2020-06-04,131,Los Angeles,California,6037.0,59650,2531.0
2020-06-05,132,Los Angeles,California,6037.0,61045,2565.0
2020-06-06,133,Los Angeles,California,6037.0,62338,2620.0
2020-06-07,134,Los Angeles,California,6037.0,63844,2645.0
2020-06-08,135,Los Angeles,California,6037.0,64644,2655.0
2020-06-09,136,Los Angeles,California,6037.0,65822,2707.0
2020-06-10,137,Los Angeles,California,6037.0,67064,2768.0
2020-06-11,138,Los Angeles,California,6037.0,68875,2813.0
2020-06-12,139,Los Angeles,California,6037.0,70476,2832.0
2020-06-13,140,Los Angeles,California,6037.0,72023,2890.0
2020-06-14,141,Los Angeles,California,6037.0,73018,2907.0
2020-06-15,142,Los Angeles,California,6037.0,73791,2926.0
2020-06-16,143,Los Angeles,California,6037.0,75084,2959.0
2020-06-17,144,Los Angeles,California,6037.0,77189,2991.0
2020-06-18,145,Los Angeles,California,6037.0,78227,3027.0
2020-06-19,146,Los Angeles,California,6037.0,79609,3063.0
2020-06-20,147,Los Angeles,California,6037.0,81636,3110.0
2020-06-21,148,Los Angeles,California,6037.0,83397,3120.0
2020-06-22,149,Los Angeles,California,6037.0,85942,3137.0
2020-06-23,150,Los Angeles,California,6037.0,88262,3171.0
2020-06-24,151,Los Angeles,California,6037.0,89490,3205.0
2020-06-25,152,Los Angeles,California,6037.0,91467,3246.0
2020-06-26,153,Los Angeles,California,6037.0,93232,3267.0
2020-06-27,154,Los Angeles,California,6037.0,95371,3285.0
2020-06-28,155,Los Angeles,California,6037.0,97894,3305.0
2020-06-29,156,Los Angeles,California,6037.0,100772,3326.0
2020-06-30,157,Los Angeles,California,6037.0,103529,3369.0
2020-07-01,158,Los Angeles,California,6037.0,105507,3402.0
2020-07-02,159,Los Angeles,California,6037.0,107667,3454.0
2020-07-03,160,Los Angeles,California,6037.0,110310,3454.0
2020-07-04,161,Los Angeles,California,6037.0,113497,3454.0
2020-07-05,162,Los Angeles,California,6037.0,114993,3487.0
2020-07-06,163,Los Angeles,California,6037.0,116570,3534.0
2020-07-07,164,Los Angeles,California,6037.0,120539,3579.0
2020-07-08,165,Los Angeles,California,6037.0,123004,3642.0
2020-07-09,166,Los Angeles,California,6037.0,124738,3689.0
2020-07-10,167,Los Angeles,California,6037.0,127358,3738.0
2020-07-11,168,Los Angeles,California,6037.0,130242,3793.0
2020-07-12,169,Los Angeles,California,6037.0,133549,3809.0
2020-07-13,170,Los Angeles,California,6037.0,136129,3822.0
2020-07-14,171,Los Angeles,California,6037.0,140307,3894.0
2020-07-15,172,Los Angeles,California,6037.0,143009,3936.0
2020-07-16,173,Los Angeles,California,6037.0,147468,3988.0
2020-07-17,174,Los Angeles,California,6037.0,150319,4047.0
2020-07-18,175,Los Angeles,California,6037.0,153041,4084.0
2020-07-19,176,Los Angeles,California,6037.0,155887,4095.0
2020-07-20,177,Los Angeles,California,6037.0,159045,4104.0
2020-07-21,178,Los Angeles,California,6037.0,161673,4154.0
2020-07-22,179,Los Angeles,California,6037.0,164870,4213.0
2020-07-23,180,Los Angeles,California,6037.0,166848,4262.0
2020-07-24,181,Los Angeles,California,6037.0,168757,4300.0
2020-07-25,182,Los Angeles,California,6037.0,172325,4351.0
2020-07-26,183,Los Angeles,California,6037.0,173995,4360.0
2020-07-27,184,Los Angeles,California,6037.0,176028,4375.0
2020-07-28,185,Los Angeles,California,6037.0,178642,4426.0
2020-07-29,186,Los Angeles,California,6037.0,183383,4516.0
2020-07-30,187,Los Angeles,California,6037.0,185872,4552.0
2020-07-31,188,Los Angeles,California,6037.0,188481,4621.0
2020-08-01,189,Los Angeles,California,6037.0,190693,4669.0
2020-08-02,190,Los Angeles,California,6037.0,192167,4692.0
2020-08-03,191,Los Angeles,California,6037.0,193788,4701.0
2020-08-04,192,Los Angeles,California,6037.0,195614,4758.0
2020-08-05,193,Los Angeles,California,6037.0,197912,4825.0
2020-08-06,194,Los Angeles,California,6037.0,201106,4869.0
2020-08-07,195,Los Angeles,California,6037.0,204167,4918.0
2020-08-08,196,Los Angeles,California,6037.0,206761,4967.0
2020-08-09,197,Los Angeles,California,6037.0,208528,4977.0
2020-08-10,198,Los Angeles,California,6037.0,210424,4996.0
2020-08-11,199,Los Angeles,California,6037.0,211808,5057.0
2020-08-12,200,Los Angeles,California,6037.0,214197,5109.0
2020-08-13,201,Los Angeles,California,6037.0,216139,5171.0
2020-08-14,202,Los Angeles,California,6037.0,218693,5214.0
2020-08-15,203,Los Angeles,California,6037.0,220762,5245.0
2020-08-16,204,Los Angeles,California,6037.0,221950,5254.0
2020-08-17,205,Los Angeles,California,6037.0,223131,5273.0
2020-08-18,206,Los Angeles,California,6037.0,224031,5335.0
2020-08-19,207,Los Angeles,California,6037.0,225827,5392.0
2020-08-20,208,Los Angeles,California,6037.0,227346,5446.0
2020-08-21,209,Los Angeles,California,6037.0,229054,5491.0
2020-08-22,210,Los Angeles,California,6037.0,230662,5537.0
2020-08-23,211,Los Angeles,California,6037.0,231695,5545.0
2020-08-24,212,Los Angeles,California,6037.0,232893,5558.0
2020-08-25,213,Los Angeles,California,6037.0,233777,5605.0
2020-08-26,214,Los Angeles,California,6037.0,235386,5663.0
2020-08-27,215,Los Angeles,California,6037.0,236986,5701.0
2020-08-28,216,Los Angeles,California,6037.0,238458,5732.0
2020-08-29,217,Los Angeles,California,6037.0,239756,5759.0
2020-08-30,218,Los Angeles,California,6037.0,240749,5769.0
2020-08-31,219,Los Angeles,California,6037.0,241768,5784.0
2020-09-01,220,Los Angeles,California,6037.0,242521,5829.0
2020-09-02,221,Los Angeles,California,6037.0,243935,5878.0
2020-09-03,222,Los Angeles,California,6037.0,244999,5932.0
2020-09-04,223,Los Angeles,California,6037.0,246407,5977.0
2020-09-05,224,Los Angeles,California,6037.0,247542,6000.0
2020-09-06,225,Los Angeles,California,6037.0,248334,6005.0
2020-09-07,226,Los Angeles,California,6037.0,248821,6030.0
2020-09-08,227,Los Angeles,California,6037.0,249241,6036.0
2020-09-09,228,Los Angeles,California,6037.0,249859,6090.0
2020-09-10,229,Los Angeles,California,6037.0,251024,6128.0
2020-09-11,230,Los Angeles,California,6037.0,252066,6171.0
2020-09-12,231,Los Angeles,California,6037.0,253176,6197.0
2020-09-13,232,Los Angeles,California,6037.0,253985,6208.0
2020-09-14,233,Los Angeles,California,6037.0,254656,6231.0
2020-09-15,234,Los Angeles,California,6037.0,255049,6273.0
2020-09-16,235,Los Angeles,California,6037.0,256148,6303.0
2020-09-17,236,Los Angeles,California,6037.0,257271,6324.0
2020-09-18,237,Los Angeles,California,6037.0,258516,6330.0
2020-09-19,238,Los Angeles,California,6037.0,259817,6330.0
2020-09-20,239,Los Angeles,California,6037.0,260797,6353.0
2020-09-21,240,Los Angeles,California,6037.0,261446,6366.0
2020-09-22,241,Los Angeles,California,6037.0,262133,6401.0
2020-09-23,242,Los Angeles,California,6037.0,263333,6423.0
2020-09-24,243,Los Angeles,California,6037.0,264414,6455.0
2020-09-25,244,Los Angeles,California,6037.0,265775,6488.0
2020-09-26,245,Los Angeles,California,6037.0,266988,6504.0
2020-09-27,246,Los Angeles,California,6037.0,267801,6514.0
2020-09-28,247,Los Angeles,California,6037.0,268455,6515.0
2020-09-29,248,Los Angeles,California,6037.0,269284,6551.0
2020-09-30,249,Los Angeles,California,6037.0,270299,6576.0
2020-10-01,250,Los Angeles,California,6037.0,271371,6610.0
2020-10-02,251,Los Angeles,California,6037.0,272653,6626.0
2020-10-03,252,Los Angeles,California,6037.0,273638,6642.0
2020-10-04,253,Los Angeles,California,6037.0,274565,6647.0
2020-10-05,254,Los Angeles,California,6037.0,274942,6654.0
2020-10-06,255,Los Angeles,California,6037.0,275856,6681.0
2020-10-07,256,Los Angeles,California,6037.0,277445,6709.0
2020-10-08,257,Los Angeles,California,6037.0,278665,6726.0
2020-10-09,258,Los Angeles,California,6037.0,279909,6741.0
2020-10-10,259,Los Angeles,California,6037.0,281165,6768.0
2020-10-11,260,Los Angeles,California,6037.0,282135,6771.0
2020-10-12,261,Los Angeles,California,6037.0,282982,6773.0
2020-10-13,262,Los Angeles,California,6037.0,283750,6790.0
2020-10-14,263,Los Angeles,California,6037.0,285016,6812.0
2020-10-15,264,Los Angeles,California,6037.0,286183,6834.0
2020-10-16,265,Los Angeles,California,6037.0,287222,6855.0
2020-10-17,266,Los Angeles,California,6037.0,288136,6863.0
2020-10-18,267,Los Angeles,California,6037.0,288451,6876.0
2020-10-19,268,Los Angeles,California,6037.0,289366,6877.0
2020-10-20,269,Los Angeles,California,6037.0,290009,6912.0
2020-10-21,270,Los Angeles,California,6037.0,290486,6944.0
2020-10-22,271,Los Angeles,California,6037.0,294065,6956.0
2020-10-23,272,Los Angeles,California,6037.0,296821,6974.0
2020-10-24,273,Los Angeles,California,6037.0,298937,6989.0
2020-10-25,274,Los Angeles,California,6037.0,299760,6993.0
2020-10-26,275,Los Angeles,California,6037.0,300614,7000.0
2020-10-27,276,Los Angeles,California,6037.0,302077,7027.0
2020-10-28,277,Los Angeles,California,6037.0,303369,7040.0
2020-10-29,278,Los Angeles,California,6037.0,305070,7044.0
2020-10-30,279,Los Angeles,California,6037.0,306327,7056.0
2020-10-31,280,Los Angeles,California,6037.0,307618,7071.0
2020-11-01,281,Los Angeles,California,6037.0,309190,7074.0
2020-11-02,282,Los Angeles,California,6037.0,310595,7076.0
2020-11-03,283,Los Angeles,California,6037.0,311745,7097.0
2020-11-04,284,Los Angeles,California,6037.0,313526,7117.0
2020-11-05,285,Los Angeles,California,6037.0,315634,7140.0
2020-11-06,286,Los Angeles,California,6037.0,317727,7157.0
2020-11-07,287,Los Angeles,California,6037.0,320048,7170.0
2020-11-08,288,Los Angeles,California,6037.0,322281,7172.0
2020-11-09,289,Los Angeles,California,6037.0,323699,7177.0
2020-11-10,290,Los Angeles,California,6037.0,325951,7200.0
2020-11-11,291,Los Angeles,California,6037.0,328042,7216.0
2020-11-12,292,Los Angeles,California,6037.0,330528,7221.0
2020-11-13,293,Los Angeles,California,6037.0,332945,7246.0
2020-11-14,294,Los Angeles,California,6037.0,336630,7266.0
2020-11-15,295,Los Angeles,California,6037.0,339640,7269.0
2020-11-16,296,Los Angeles,California,6037.0,342425,7275.0
2020-11-17,297,Los Angeles,California,6037.0,344607,7299.0
2020-11-18,298,Los Angeles,California,6037.0,348420,7335.0
2020-11-19,299,Los Angeles,California,6037.0,353316,7363.0
2020-11-20,300,Los Angeles,California,6037.0,357541,7396.0
2020-11-21,301,Los Angeles,California,6037.0,361962,7429.0
2020-11-22,302,Los Angeles,California,6037.0,364613,7438.0
2020-11-23,303,Los Angeles,California,6037.0,370729,7446.0
2020-11-24,304,Los Angeles,California,6037.0,374231,7497.0
2020-11-25,305,Los Angeles,California,6037.0,378421,7543.0
2020-11-26,306,Los Angeles,California,6037.0,383373,7580.0
2020-11-27,307,Los Angeles,California,6037.0,387793,7604.0
2020-11-28,308,Los Angeles,California,6037.0,391004,7623.0
2020-11-29,309,Los Angeles,California,6037.0,395957,7639.0
2020-11-30,310,Los Angeles,California,6037.0,401034,7655.0
2020-12-01,311,Los Angeles,California,6037.0,408515,7700.0
2020-12-02,312,Los Angeles,California,6037.0,414304,7740.0
2020-12-03,313,Los Angeles,California,6037.0,422000,7782.0
2020-12-04,314,Los Angeles,California,6037.0,430713,7842.0
2020-12-05,315,Los Angeles,California,6037.0,439538,7886.0
2020-12-06,316,Los Angeles,California,6037.0,449982,7909.0
2020-12-07,317,Los Angeles,California,6037.0,458011,7936.0
2020-12-08,318,Los Angeles,California,6037.0,466459,8000.0
2020-12-09,319,Los Angeles,California,6037.0,475409,8075.0
2020-12-10,320,Los Angeles,California,6037.0,488055,8149.0
2020-12-11,321,Los Angeles,California,6037.0,501792,8199.0
2020-12-12,322,Los Angeles,California,6037.0,513029,8269.0
2020-12-13,323,Los Angeles,California,6037.0,525651,8298.0
2020-12-14,324,Los Angeles,California,6037.0,532895,8345.0
2020-12-15,325,Los Angeles,California,6037.0,543949,8431.0
2020-12-16,326,Los Angeles,California,6037.0,566185,8568.0
2020-12-17,327,Los Angeles,California,6037.0,580505,8664.0
2020-12-18,328,Los Angeles,California,6037.0,596910,8757.0
2020-12-19,329,Los Angeles,California,6037.0,610562,8817.0
2020-12-20,330,Los Angeles,California,6037.0,623875,8875.0
2020-12-21,331,Los Angeles,California,6037.0,635058,8931.0
2020-12-22,332,Los Angeles,California,6037.0,647766,9016.0
2020-12-23,333,Los Angeles,California,6037.0,664193,9153.0
2020-12-24,334,Los Angeles,California,6037.0,677538,9299.0
2020-12-25,335,Los Angeles,California,6037.0,677538,9299.0
2020-12-26,336,Los Angeles,California,6037.0,706712,9438.0
2020-12-27,337,Los Angeles,California,6037.0,720099,9482.0
2020-12-28,338,Los Angeles,California,6037.0,733612,9555.0
2020-12-29,339,Los Angeles,California,6037.0,746381,9782.0
2020-12-30,340,Los Angeles,California,6037.0,756412,10056.0
2020-12-31,341,Los Angeles,California,6037.0,770915,10345.0
2021-01-01,342,Los Angeles,California,6037.0,790895,10552.0
2021-01-02,343,Los Angeles,California,6037.0,806523,10682.0
2021-01-03,344,Los Angeles,California,6037.0,818959,10773.0
2021-01-04,345,Los Angeles,California,6037.0,827843,10850.0
2021-01-05,346,Los Angeles,California,6037.0,840956,11071.0
2021-01-06,347,Los Angeles,California,6037.0,852510,11328.0
2021-01-07,348,Los Angeles,California,6037.0,871749,11545.0
2021-01-08,349,Los Angeles,California,6037.0,889787,11863.0
2021-01-09,350,Los Angeles,California,6037.0,906554,12084.0
2021-01-10,351,Los Angeles,California,6037.0,920560,12250.0
2021-01-11,352,Los Angeles,California,6037.0,933083,12387.0
2021-01-12,353,Los Angeles,California,6037.0,944713,12674.0
2021-01-13,354,Los Angeles,California,6037.0,958891,12955.0
2021-01-14,355,Los Angeles,California,6037.0,975693,13234.0
2021-01-15,356,Los Angeles,California,6037.0,990326,13489.0
2021-01-16,357,Los Angeles,California,6037.0,1004322,13741.0
2021-01-17,358,Los Angeles,California,6037.0,1015063,13848.0
2021-01-18,359,Los Angeles,California,6037.0,1024592,13936.0
2021-01-19,360,Los Angeles,California,6037.0,1032277,14122.0
2021-01-20,361,Los Angeles,California,6037.0,1038495,14384.0
2021-01-21,362,Los Angeles,California,6037.0,1046424,14641.0
2021-01-22,363,Los Angeles,California,6037.0,1055214,14894.0
2021-01-23,364,Los Angeles,California,6037.0,1065309,15162.0
2021-01-24,365,Los Angeles,California,6037.0,1073533,15260.0
2021-01-25,366,Los Angeles,California,6037.0,1079818,15303.0
2021-01-26,367,Los Angeles,California,6037.0,1085466,15592.0
2021-01-27,368,Los Angeles,California,6037.0,1092134,15897.0
2021-01-28,369,Los Angeles,California,6037.0,1098363,16107.0
2021-01-29,370,Los Angeles,California,6037.0,1104843,16332.0
2021-01-30,371,Los Angeles,California,6037.0,1111543,16647.0
2021-01-31,372,Los Angeles,California,6037.0,1117346,16770.0
2021-02-01,373,Los Angeles,California,6037.0,1121349,16854.0
2021-02-02,374,Los Angeles,California,6037.0,1125034,17057.0
2021-02-03,375,Los Angeles,California,6037.0,1129957,17308.0
2021-02-04,376,Los Angeles,California,6037.0,1134820,17539.0
2021-02-05,377,Los Angeles,California,6037.0,1139256,17764.0
2021-02-06,378,Los Angeles,California,6037.0,1143917,17955.0
2021-02-07,379,Los Angeles,California,6037.0,1146951,18044.0
2021-02-08,380,Los Angeles,California,6037.0,1149565,18135.0
2021-02-09,381,Los Angeles,California,6037.0,1152740,18360.0
2021-02-10,382,Los Angeles,California,6037.0,1155821,18500.0
2021-02-11,383,Los Angeles,California,6037.0,1159135,18658.0
2021-02-12,384,Los Angeles,California,6037.0,1162294,18789.0
2021-02-13,385,Los Angeles,California,6037.0,1165294,18984.0
2021-02-14,386,Los Angeles,California,6037.0,1167074,19066.0
2021-02-15,387,Los Angeles,California,6037.0,1168904,19095.0
2021-02-16,388,Los Angeles,California,6037.0,1170100,19215.0
2021-02-17,389,Los Angeles,California,6037.0,1172221,19368.0
2021-02-18,390,Los Angeles,California,6037.0,1174897,19514.0
2021-02-19,391,Los Angeles,California,6037.0,1177340,19662.0
2021-02-20,392,Los Angeles,California,6037.0,1179633,19793.0
2021-02-21,393,Los Angeles,California,6037.0,1181060,19885.0
2021-02-22,394,Los Angeles,California,6037.0,1181994,19904.0
2021-02-23,395,Los Angeles,California,6037.0,1183969,20057.0
2021-02-24,396,Los Angeles,California,6037.0,1186074,20987.0
2021-02-25,397,Los Angeles,California,6037.0,1188101,21102.0
2021-02-26,398,Los Angeles,California,6037.0,1189859,21241.0
2021-02-27,399,Los Angeles,California,6037.0,1191521,21328.0
2021-02-28,400,Los Angeles,California,6037.0,1192559,21435.0
2021-03-01,401,Los Angeles,California,6037.0,1193531,21467.0
2021-03-02,402,Los Angeles,California,6037.0,1194878,21554.0
2021-03-03,403,Los Angeles,California,6037.0,1196552,21669.0
2021-03-04,404,Los Angeles,California,6037.0,1198737,21778.0
2021-03-05,405,Los Angeles,California,6037.0,1200764,21910.0
2021-03-06,406,Los Angeles,California,6037.0,1202513,22008.0
2021-03-07,407,Los Angeles,California,6037.0,1203799,22029.0
2021-03-08,408,Los Angeles,California,6037.0,1204665,22041.0
2021-03-09,409,Los Angeles,California,6037.0,1205924,22099.0
2021-03-10,410,Los Angeles,California,6037.0,1207361,22213.0
2021-03-11,411,Los Angeles,California,6037.0,1208672,22304.0
2021-03-12,412,Los Angeles,California,6037.0,1208678,22304.0
2021-03-13,413,Los Angeles,California,6037.0,1210286,22446.0
2021-03-14,414,Los Angeles,California,6037.0,1210920,22474.0
2021-03-15,415,Los Angeles,California,6037.0,1211319,22476.0
2021-03-16,416,Los Angeles,California,6037.0,1211561,22519.0
2021-03-17,417,Los Angeles,California,6037.0,1212389,22580.0
2021-03-18,418,Los Angeles,California,6037.0,1213242,22664.0
2021-03-19,419,Los Angeles,California,6037.0,1213934,22722.0
2021-03-20,420,Los Angeles,California,6037.0,1214431,22777.0
2021-03-21,421,Los Angeles,California,6037.0,1214825,22810.0
2021-03-22,422,Los Angeles,California,6037.0,1215330,22834.0
2021-03-23,423,Los Angeles,California,6037.0,1215776,22871.0
2021-03-24,424,Los Angeles,California,6037.0,1216386,22960.0
2021-03-25,425,Los Angeles,California,6037.0,1216904,23020.0
2021-03-26,426,Los Angeles,California,6037.0,1217686,23055.0
2021-03-27,427,Los Angeles,California,6037.0,1218359,23080.0
2021-03-28,428,Los Angeles,California,6037.0,1218879,23103.0
2021-03-29,429,Los Angeles,California,6037.0,1219237,23101.0
2021-03-30,430,Los Angeles,California,6037.0,1219612,23110.0
2021-03-31,431,Los Angeles,California,6037.0,1220217,23143.0
2021-04-01,432,Los Angeles,California,6037.0,1220900,23189.0
2021-04-02,433,Los Angeles,California,6037.0,1221506,23235.0
2021-04-03,434,Los Angeles,California,6037.0,1222262,23274.0
2021-04-04,435,Los Angeles,California,6037.0,1222771,23301.0
2021-04-05,436,Los Angeles,California,6037.0,1223104,23301.0
2021-04-06,437,Los Angeles,California,6037.0,1223435,23302.0
2021-04-07,438,Los Angeles,California,6037.0,1223832,23340.0
2021-04-08,439,Los Angeles,California,6037.0,1224450,23388.0
2021-04-09,440,Los Angeles,California,6037.0,1225163,23431.0
2021-04-10,441,Los Angeles,California,6037.0,1225916,23467.0
2021-04-11,442,Los Angeles,California,6037.0,1226456,23493.0
2021-04-12,443,Los Angeles,California,6037.0,1226851,23503.0
2021-04-13,444,Los Angeles,California,6037.0,1227256,23505.0
2021-04-14,445,Los Angeles,California,6037.0,1227626,23553.0
2021-04-15,446,Los Angeles,California,6037.0,1228176,23579.0
2021-04-16,447,Los Angeles,California,6037.0,1228776,23601.0
2021-04-17,448,Los Angeles,California,6037.0,1229226,23627.0
2021-04-18,449,Los Angeles,California,6037.0,1229659,23653.0
2021-04-19,450,Los Angeles,California,6037.0,1229973,23648.0
2021-04-20,451,Los Angeles,California,6037.0,1230303,23668.0
2021-04-21,452,Los Angeles,California,6037.0,1230660,23702.0
2021-04-22,453,Los Angeles,California,6037.0,1231024,23736.0
2021-04-23,454,Los Angeles,California,6037.0,1231448,23762.0
2021-04-24,455,Los Angeles,California,6037.0,1231826,23785.0
2021-04-25,456,Los Angeles,California,6037.0,1232195,23802.0
2021-04-26,457,Los Angeles,California,6037.0,1232469,23799.0
2021-04-27,458,Los Angeles,California,6037.0,1232742,23802.0
2021-04-28,459,Los Angeles,California,6037.0,1233036,23831.0
2021-04-29,460,Los Angeles,California,6037.0,1233036,23858.0
2021-04-30,461,Los Angeles,California,6037.0,1233723,23899.0
2021-05-01,462,Los Angeles,California,6037.0,1234151,23919.0
2021-05-02,463,Los Angeles,California,6037.0,1234435,23946.0
2021-05-03,464,Los Angeles,California,6037.0,1234648,23943.0
2021-05-04,465,Los Angeles,California,6037.0,1234865,23942.0
2021-05-05,466,Los Angeles,California,6037.0,1235037,23957.0
2021-05-06,467,Los Angeles,California,6037.0,1235411,23977.0
2021-05-07,468,Los Angeles,California,6037.0,1235783,23991.0
2021-05-08,469,Los Angeles,California,6037.0,1236087,24008.0
2021-05-09,470,Los Angeles,California,6037.0,1236316,24022.0
2021-05-10,471,Los Angeles,California,6037.0,1236461,24026.0
2021-05-11,472,Los Angeles,California,6037.0,1236634,24030.0
2021-05-12,473,Los Angeles,California,6037.0,1236907,24048.0
2021-05-13,474,Los Angeles,California,6037.0,1237120,24067.0
2021-05-14,475,Los Angeles,California,6037.0,1237652,24083.0
2021-05-15,476,Los Angeles,California,6037.0,1237899,24101.0
2021-05-16,477,Los Angeles,California,6037.0,1238075,24115.0
2021-05-17,478,Los Angeles,California,6037.0,1238225,24120.0
2021-05-18,479,Los Angeles,California,6037.0,1238345,24123.0
2021-05-19,480,Los Angeles,California,6037.0,1238563,24133.0
2021-05-20,481,Los Angeles,California,6037.0,1238785,24143.0
2021-05-21,482,Los Angeles,California,6037.0,1239031,24168.0
2021-05-22,483,Los Angeles,California,6037.0,1239272,24180.0
2021-05-23,484,Los Angeles,California,6037.0,1239446,24192.0
2021-05-24,485,Los Angeles,California,6037.0,1239584,24197.0
2021-05-25,486,Los Angeles,California,6037.0,1239758,24201.0
2021-05-26,487,Los Angeles,California,6037.0,1239945,24212.0
2021-05-27,488,Los Angeles,California,6037.0,1243985,24321.0
2021-05-28,489,Los Angeles,California,6037.0,1244188,24348.0
2021-05-29,490,Los Angeles,California,6037.0,1244380,24357.0
2021-05-30,491,Los Angeles,California,6037.0,1244550,24359.0
2021-05-31,492,Los Angeles,California,6037.0,1244722,24360.0
2021-06-01,493,Los Angeles,California,6037.0,1244831,24364.0
2021-06-02,494,Los Angeles,California,6037.0,1244924,24367.0
2021-06-03,495,Los Angeles,California,6037.0,1245127,24375.0
2021-06-04,496,Los Angeles,California,6037.0,1245330,24386.0
2021-06-05,497,Los Angeles,California,6037.0,1245585,24400.0
2021-06-06,498,Los Angeles,California,6037.0,1245788,24411.0
2021-06-07,499,Los Angeles,California,6037.0,1245921,24410.0
2021-06-08,500,Los Angeles,California,6037.0,1246081,24413.0
2021-06-09,501,Los Angeles,California,6037.0,1246255,24426.0
2021-06-10,502,Los Angeles,California,6037.0,1246438,24432.0
2021-06-11,503,Los Angeles,California,6037.0,1246616,24440.0
2021-06-12,504,Los Angeles,California,6037.0,1246790,24434.0
2021-06-13,505,Los Angeles,California,6037.0,1246974,24434.0
2021-06-14,506,Los Angeles,California,6037.0,1247103,24433.0
2021-06-15,507,Los Angeles,California,6037.0,1247286,24434.0
2021-06-16,508,Los Angeles,California,6037.0,1247488,24435.0
2021-06-17,509,Los Angeles,California,6037.0,1247699,24439.0
2021-06-18,510,Los Angeles,California,6037.0,1247883,24444.0
2021-06-19,511,Los Angeles,California,6037.0,1248028,24451.0
2021-06-20,512,Los Angeles,California,6037.0,1248285,24454.0
2021-06-21,513,Los Angeles,California,6037.0,1248410,24456.0
2021-06-22,514,Los Angeles,California,6037.0,1248567,24459.0
2021-06-23,515,Los Angeles,California,6037.0,1248796,24461.0
2021-06-24,516,Los Angeles,California,6037.0,1249083,24472.0
2021-06-25,517,Los Angeles,California,6037.0,1249404,24480.0
2021-06-26,518,Los Angeles,California,6037.0,1249732,24483.0
2021-06-27,519,Los Angeles,California,6037.0,1249971,24490.0
2021-06-28,520,Los Angeles,California,6037.0,1250227,24493.0
2021-06-29,521,Los Angeles,California,6037.0,1250503,24496.0
2021-06-30,522,Los Angeles,California,6037.0,1250908,24498.0
2021-07-01,523,Los Angeles,California,6037.0,1251383,24499.0
2021-07-02,524,Los Angeles,California,6037.0,1251889,24506.0
2021-07-03,525,Los Angeles,California,6037.0,1252513,24506.0
2021-07-04,526,Los Angeles,California,6037.0,1252968,24506.0
2021-07-05,527,Los Angeles,California,6037.0,1253404,24506.0
2021-07-06,528,Los Angeles,California,6037.0,1253732,24522.0
2021-07-07,529,Los Angeles,California,6037.0,1254202,24525.0
2021-07-08,530,Los Angeles,California,6037.0,1256034,24531.0
2021-07-09,531,Los Angeles,California,6037.0,1256761,24542.0
2021-07-10,532,Los Angeles,California,6037.0,1257185,24542.0
2021-07-11,533,Los Angeles,California,6037.0,1258298,24542.0
2021-07-12,534,Los Angeles,California,6037.0,1259900,24558.0
2021-07-13,535,Los Angeles,California,6037.0,1260948,24559.0
2021-07-14,536,Los Angeles,California,6037.0,1261902,24569.0
2021-07-15,537,Los Angeles,California,6037.0,1263254,24578.0
2021-07-16,538,Los Angeles,California,6037.0,1265131,24582.0
2021-07-17,539,Los Angeles,California,6037.0,1266908,24582.0
2021-07-18,540,Los Angeles,California,6037.0,1268541,24583.0
2021-07-19,541,Los Angeles,California,6037.0,1269771,24598.0
2021-07-20,542,Los Angeles,California,6037.0,1271567,24600.0
2021-07-21,543,Los Angeles,California,6037.0,1274071,24603.0
2021-07-22,544,Los Angeles,California,6037.0,1276818,24609.0
2021-07-23,545,Los Angeles,California,6037.0,1279856,24623.0
2021-07-24,546,Los Angeles,California,6037.0,1282445,24624.0
2021-07-25,547,Los Angeles,California,6037.0,1284529,24628.0
2021-07-26,548,Los Angeles,California,6037.0,1286456,24643.0
2021-07-27,549,Los Angeles,California,6037.0,1288516,24647.0
2021-07-28,550,Los Angeles,California,6037.0,1290911,24658.0
2021-07-29,551,Los Angeles,California,6037.0,1294135,24675.0
2021-07-30,552,Los Angeles,California,6037.0,1297728,24691.0
2021-07-31,553,Los Angeles,California,6037.0,1301009,24691.0
2021-08-01,554,Los Angeles,California,6037.0,1304039,24691.0
2021-08-02,555,Los Angeles,California,6037.0,1306400,24700.0
2021-08-03,556,Los Angeles,California,6037.0,1308666,24705.0
2021-08-04,557,Los Angeles,California,6037.0,1312352,24721.0
2021-08-05,558,Los Angeles,California,6037.0,1316009,24739.0
2021-08-06,559,Los Angeles,California,6037.0,1319913,24756.0
2021-08-07,560,Los Angeles,California,6037.0,1324042,24769.0
2021-08-08,561,Los Angeles,California,6037.0,1327058,24786.0
2021-08-09,562,Los Angeles,California,6037.0,1329959,24793.0
2021-08-10,563,Los Angeles,California,6037.0,1332556,24805.0
2021-08-11,564,Los Angeles,California,6037.0,1336029,24833.0
2021-08-12,565,Los Angeles,California,6037.0,1339835,24854.0
2021-08-13,566,Los Angeles,California,6037.0,1343533,24874.0
2021-08-14,567,Los Angeles,California,6037.0,1347717,24892.0
2021-08-15,568,Los Angeles,California,6037.0,1351064,24911.0
2021-08-16,569,Los Angeles,California,6037.0,1353485,24918.0
2021-08-17,570,Los Angeles,California,6037.0,1356392,24935.0
2021-08-18,571,Los Angeles,California,6037.0,1360366,24967.0
2021-08-19,572,Los Angeles,California,6037.0,1363550,25002.0
2021-08-20,573,Los Angeles,California,6037.0,1377253,25032.0
2021-08-21,574,Los Angeles,California,6037.0,1381117,25061.0
2021-08-22,575,Los Angeles,California,6037.0,1383888,25080.0
2021-08-23,576,Los Angeles,California,6037.0,1386207,25089.0
2021-08-24,577,Los Angeles,California,6037.0,1388847,25114.0
2021-08-25,578,Los Angeles,California,6037.0,1392067,25150.0
2021-08-26,579,Los Angeles,California,6037.0,1395192,25181.0
2021-08-27,580,Los Angeles,California,6037.0,1397943,25211.0
2021-08-28,581,Los Angeles,California,6037.0,1401541,25240.0
2021-08-29,582,Los Angeles,California,6037.0,1403757,25245.0
2021-08-30,583,Los Angeles,California,6037.0,1406094,25263.0
2021-08-31,584,Los Angeles,California,6037.0,1408026,25284.0
2021-09-01,585,Los Angeles,California,6037.0,1410254,25322.0
2021-09-02,586,Los Angeles,California,6037.0,1412949,25364.0
2021-09-03,587,Los Angeles,California,6037.0,1415563,25401.0
2021-09-04,588,Los Angeles,California,6037.0,1417628,25434.0
2021-09-05,589,Los Angeles,California,6037.0,1419739,25454.0
2021-09-06,590,Los Angeles,California,6037.0,1421269,25465.0
2021-09-07,591,Los Angeles,California,6037.0,1422320,25477.0
2021-09-08,592,Los Angeles,California,6037.0,1424329,25514.0
2021-09-09,593,Los Angeles,California,6037.0,1426515,25563.0
2021-09-10,594,Los Angeles,California,6037.0,1428526,25611.0
2021-09-11,595,Los Angeles,California,6037.0,1428526,25630.0
2021-09-12,596,Los Angeles,California,6037.0,1428526,25630.0
2021-09-13,597,Los Angeles,California,6037.0,1434174,25688.0
2021-09-14,598,Los Angeles,California,6037.0,1435872,25713.0
2021-09-15,599,Los Angeles,California,6037.0,1437782,25748.0
2021-09-16,600,Los Angeles,California,6037.0,1439720,25775.0
2021-09-17,601,Los Angeles,California,6037.0,1441425,25799.0
2021-09-18,602,Los Angeles,California,6037.0,1443517,25828.0
2021-09-19,603,Los Angeles,California,6037.0,1444836,25849.0
2021-09-20,604,Los Angeles,California,6037.0,1445830,25852.0
2021-09-21,605,Los Angeles,California,6037.0,1447057,25870.0
2021-09-22,606,Los Angeles,California,6037.0,1448769,25911.0
2021-09-23,607,Los Angeles,California,6037.0,1450632,25942.0
2021-09-24,608,Los Angeles,California,6037.0,1452147,25972.0
2021-09-25,609,Los Angeles,California,6037.0,1453702,25999.0
2021-09-26,610,Los Angeles,California,6037.0,1454881,26013.0
2021-09-27,611,Los Angeles,California,6037.0,1455864,26035.0
2021-09-28,612,Los Angeles,California,6037.0,1456984,26047.0
2021-09-29,613,Los Angeles,California,6037.0,1458381,26078.0
2021-09-30,614,Los Angeles,California,6037.0,1459891,26106.0
2021-10-01,615,Los Angeles,California,6037.0,1461354,26126.0
2021-10-02,616,Los Angeles,California,6037.0,1462717,26143.0
2021-10-03,617,Los Angeles,California,6037.0,1463743,26153.0
2021-10-04,618,Los Angeles,California,6037.0,1464593,26179.0
2021-10-05,619,Los Angeles,California,6037.0,1465497,26195.0
2021-10-06,620,Los Angeles,California,6037.0,1466952,26226.0
2021-10-07,621,Los Angeles,California,6037.0,1468154,26254.0
2021-10-08,622,Los Angeles,California,6037.0,1469338,26284.0
2021-10-09,623,Los Angeles,California,6037.0,1470494,26308.0
2021-10-10,624,Los Angeles,California,6037.0,1471533,26312.0
2021-10-11,625,Los Angeles,California,6037.0,1472349,26338.0
2021-10-12,626,Los Angeles,California,6037.0,1473123,26346.0
2021-10-13,627,Los Angeles,California,6037.0,1474114,26362.0
2021-10-14,628,Los Angeles,California,6037.0,1475222,26379.0
2021-10-15,629,Los Angeles,California,6037.0,1476398,26398.0
2021-10-16,630,Los Angeles,California,6037.0,1477495,26410.0
2021-10-17,631,Los Angeles,California,6037.0,1478390,26414.0
2021-10-18,632,Los Angeles,California,6037.0,1479326,26443.0
2021-10-19,633,Los Angeles,California,6037.0,1480125,26446.0
2021-10-20,634,Los Angeles,California,6037.0,1481360,26473.0
2021-10-21,635,Los Angeles,California,6037.0,1482518,26506.0
2021-10-22,636,Los Angeles,California,6037.0,1483735,26527.0
2021-10-23,637,Los Angeles,California,6037.0,1484896,26540.0
2021-10-24,638,Los Angeles,California,6037.0,1485809,26549.0
2021-10-25,639,Los Angeles,California,6037.0,1486473,26552.0
2021-10-26,640,Los Angeles,California,6037.0,1487318,26579.0
2021-10-27,641,Los Angeles,California,6037.0,1488206,26599.0
2021-10-28,642,Los Angeles,California,6037.0,1490084,26604.0
2021-10-29,643,Los Angeles,California,6037.0,1491402,26626.0
2021-10-30,644,Los Angeles,California,6037.0,1492810,26628.0
2021-10-31,645,Los Angeles,California,6037.0,1493874,26637.0
2021-11-01,646,Los Angeles,California,6037.0,1494823,26644.0
2021-11-02,647,Los Angeles,California,6037.0,1495718,26661.0
2021-11-03,648,Los Angeles,California,6037.0,1497297,26683.0
2021-11-04,649,Los Angeles,California,6037.0,1499097,26695.0
2021-11-05,650,Los Angeles,California,6037.0,1500615,26719.0
2021-11-06,651,Los Angeles,California,6037.0,1502231,26740.0
2021-11-07,652,Los Angeles,California,6037.0,1503380,26750.0
2021-11-08,653,Los Angeles,California,6037.0,1504368,26752.0
2021-11-09,654,Los Angeles,California,6037.0,1505547,26762.0
2021-11-10,655,Los Angeles,California,6037.0,1507009,26796.0
2021-11-11,656,Los Angeles,California,6037.0,1508440,26814.0
2021-11-12,657,Los Angeles,California,6037.0,1509777,26838.0
2021-11-13,658,Los Angeles,California,6037.0,1511138,26856.0
2021-11-14,659,Los Angeles,California,6037.0,1512028,26862.0
2021-11-15,660,Los Angeles,California,6037.0,1512851,26872.0
2021-11-16,661,Los Angeles,California,6037.0,1513720,26903.0
2021-11-17,662,Los Angeles,California,6037.0,1514986,26923.0
2021-11-18,663,Los Angeles,California,6037.0,1516028,26949.0
2021-11-19,664,Los Angeles,California,6037.0,1517605,26973.0
2021-11-20,665,Los Angeles,California,6037.0,1519436,26999.0
2021-11-21,666,Los Angeles,California,6037.0,1520485,27010.0
2021-11-22,667,Los Angeles,California,6037.0,1521208,27017.0
2021-11-23,668,Los Angeles,California,6037.0,1521901,27046.0
2021-11-24,669,Los Angeles,California,6037.0,1523244,27074.0
2021-11-25,670,Los Angeles,California,6037.0,1523244,27074.0
2021-11-26,671,Los Angeles,California,6037.0,1524998,27102.0
2021-11-27,672,Los Angeles,California,6037.0,1525616,27121.0
2021-11-28,673,Los Angeles,California,6037.0,1526190,27128.0
2021-11-29,674,Los Angeles,California,6037.0,1526976,27138.0
2021-11-30,675,Los Angeles,California,6037.0,1527836,27166.0
2021-12-01,676,Los Angeles,California,6037.0,1529290,27184.0
2021-12-02,677,Los Angeles,California,6037.0,1531230,27208.0
2021-12-03,678,Los Angeles,California,6037.0,1533134,27225.0
2021-12-04,679,Los Angeles,California,6037.0,1535424,27244.0
2021-12-05,680,Los Angeles,California,6037.0,1537055,27246.0
2021-12-06,681,Los Angeles,California,6037.0,1538154,27248.0
2021-12-07,682,Los Angeles,California,6037.0,1539155,27262.0
2021-12-08,683,Los Angeles,California,6037.0,1540904,27275.0
2021-12-09,684,Los Angeles,California,6037.0,1542590,27288.0
2021-12-10,685,Los Angeles,California,6037.0,1544488,27304.0
2021-12-11,686,Los Angeles,California,6037.0,1546287,27325.0
2021-12-12,687,Los Angeles,California,6037.0,1547746,27330.0
2021-12-13,688,Los Angeles,California,6037.0,1548861,27341.0
2021-12-14,689,Los Angeles,California,6037.0,1550000,27352.0
2021-12-15,690,Los Angeles,California,6037.0,1551821,27369.0
2021-12-16,691,Los Angeles,California,6037.0,1554070,27388.0
2021-12-17,692,Los Angeles,California,6037.0,1557389,27413.0
2021-12-18,693,Los Angeles,California,6037.0,1561081,27432.0
2021-12-19,694,Los Angeles,California,6037.0,1564583,27441.0
2021-12-20,695,Los Angeles,California,6037.0,1567837,27448.0
2021-12-21,696,Los Angeles,California,6037.0,1570934,27473.0
2021-12-22,697,Los Angeles,California,6037.0,1577406,27488.0
2021-12-23,698,Los Angeles,California,6037.0,1586017,27512.0
2021-12-24,699,Los Angeles,California,6037.0,1595943,27533.0
2021-12-25,700,Los Angeles,California,6037.0,1595943,27533.0
2021-12-26,701,Los Angeles,California,6037.0,1616737,27546.0
2021-12-27,702,Los Angeles,California,6037.0,1624146,27555.0
2021-12-28,703,Los Angeles,California,6037.0,1633597,27576.0
2021-12-29,704,Los Angeles,California,6037.0,1650080,27601.0
2021-12-30,705,Los Angeles,California,6037.0,1670249,27625.0
2021-12-31,706,Los Angeles,California,6037.0,1697286,27637.0
2022-01-01,707,Los Angeles,California,6037.0,1697286,27637.0
2022-01-02,708,Los Angeles,California,6037.0,1741996,27640.0
2022-01-03,709,Los Angeles,California,6037.0,1758226,27647.0
2022-01-04,710,Los Angeles,California,6037.0,1780858,27671.0
2022-01-05,711,Los Angeles,California,6037.0,1807532,27698.0
2022-01-06,712,Los Angeles,California,6037.0,1844626,27728.0
2022-01-07,713,Los Angeles,California,6037.0,1888230,27756.0
2022-01-08,714,Los Angeles,California,6037.0,1922594,27772.0
2022-01-09,715,Los Angeles,California,6037.0,1968147,27785.0
2022-01-10,716,Los Angeles,California,6037.0,2011668,27798.0
2022-01-11,717,Los Angeles,California,6037.0,2046912,27812.0
2022-01-12,718,Los Angeles,California,6037.0,2087285,27850.0
2022-01-13,719,Los Angeles,California,6037.0,2132227,27985.0
2022-01-14,720,Los Angeles,California,6037.0,2172712,27985.0
2022-01-15,721,Los Angeles,California,6037.0,2214368,28008.0
2022-01-16,722,Los Angeles,California,6037.0,2258206,28059.0
2022-01-17,723,Los Angeles,California,6037.0,2289749,28086.0
2022-01-18,724,Los Angeles,California,6037.0,2312272,28122.0
2022-01-19,725,Los Angeles,California,6037.0,2344525,28181.0
2022-01-20,726,Los Angeles,California,6037.0,2386425,28282.0
2022-01-21,727,Los Angeles,California,6037.0,2429448,28346.0
2022-01-22,728,Los Angeles,California,6037.0,2468501,28417.0
2022-01-23,729,Los Angeles,California,6037.0,2494801,28480.0
2022-01-24,730,Los Angeles,California,6037.0,2520482,28507.0
2022-01-25,731,Los Angeles,California,6037.0,2540779,28540.0
2022-01-26,732,Los Angeles,California,6037.0,2561472,28630.0
2022-01-27,733,Los Angeles,California,6037.0,2587443,28715.0
2022-01-28,734,Los Angeles,California,6037.0,2611089,28816.0
2022-01-29,735,Los Angeles,California,6037.0,2632698,28886.0
2022-01-30,736,Los Angeles,California,6037.0,2649455,28923.0
2022-01-31,737,Los Angeles,California,6037.0,2660118,28963.0
2022-02-01,738,Los Angeles,California,6037.0,2668798,28998.0
2022-02-02,739,Los Angeles,California,6037.0,2684348,29099.0
2022-02-03,740,Los Angeles,California,6037.0,2695780,29195.0
2022-02-04,741,Los Angeles,California,6037.0,2711066,29280.0
2022-02-05,742,Los Angeles,California,6037.0,2720920,29364.0
2022-02-06,743,Los Angeles,California,6037.0,2727863,29428.0
2022-02-07,744,Los Angeles,California,6037.0,2732113,29457.0
2022-02-08,745,Los Angeles,California,6037.0,2736392,29506.0
2022-02-09,746,Los Angeles,California,6037.0,2741404,29609.0
2022-02-10,747,Los Angeles,California,6037.0,2747570,29690.0
2022-02-11,748,Los Angeles,California,6037.0,2753102,29764.0
2022-02-12,749,Los Angeles,California,6037.0,2757762,29846.0
2022-02-13,750,Los Angeles,California,6037.0,2762574,29902.0
2022-02-14,751,Los Angeles,California,6037.0,2764777,29928.0
